,iso3_country,country_name_FAOSTAT,2015,2016,2017,2018,2019,tCO2_2015_FAOSTAT,tCO2_2016_FAOSTAT,tCO2_2017_FAOSTAT,tCO2_2018_FAOSTAT,tCO2_2019_FAOSTAT,Mean_CH4_FAOSTAT,Total_CH4_FAOSTAT,Mean_CO2_FAOSTAT,Total_CO2_FAOSTAT,country_name_TRACE,tCH4_2015,tCH4_2016,tCH4_2017,tCH4_2018,tCH4_2019,tCO2_2015_TRACE,tCO2_2016_TRACE,tCO2_2017_TRACE,tCO2_2018_TRACE,tCO2_2019_TRACE,Mean_CH4_TRACE,Total_CH4_TRACE,Mean_CO2_TRACE,Total_CO2_TRACE,CH4_diff_2015,CH4_diff_2016,CH4_diff_2017,CH4_diff_2018,CH4_diff_2019,CH4_diff_means,CH4_diff_totals,CO2_diff_2015,CO2_diff_2016,CO2_diff_2017,CO2_diff_2018,CO2_diff_2019,CO2_diff_means,CO2_diff_totals,CH4_abs_percent_diff_2015,CH4_abs_percent_diff_2016,CH4_abs_percent_diff_2017,CH4_abs_percent_diff_2018,CH4_abs_percent_diff_2019,CH4_abs_percent_diff_means,CH4_abs_percent_diff_totals,CH4_relative_percent_diff_2015,CH4_relative_percent_diff_2016,CH4_relative_percent_diff_2017,CH4_relative_percent_diff_2018,CH4_relative_percent_diff_2019,CH4_relative_percent_diff_means,CH4_relative_percent_diff_totals,CO2_abs_percent_diff_2015,CO2_abs_percent_diff_2016,CO2_abs_percent_diff_2017,CO2_abs_percent_diff_2018,CO2_abs_percent_diff_2019,CO2_abs_percent_diff_means,CO2_abs_percent_diff_totals,CO2_relative_percent_diff_2015,CO2_relative_percent_diff_2016,CO2_relative_percent_diff_2017,CO2_relative_percent_diff_2018,CO2_relative_percent_diff_2019,CO2_relative_percent_diff_means,CO2_relative_percent_diff_totals
0,BGD,Bangladesh,1131293.4,1093480.4,1154531.0,1144591.0,1144745.4,28282334.999999996,27337009.999999996,28863275.0,28614775.0,28618634.999999996,1133728.2399999998,5668641.199999999,28343206.0,141716030.0,Bangladesh,2344419.70084646,2278158.04150311,2098957.60199996,2141230.52594916,2070985.05160012,58610492.521161504,56953951.03757775,52473940.049999,53530763.148729004,51774626.290003,2186750.1843797625,10933750.921898812,54668754.609494045,273343773.0474702,-1213126.3008464603,-1184677.64150311,-944426.6019999599,-996639.5259491601,-926239.6516001201,-1053021.9443797627,-5265109.721898813,-30328157.521161508,-29616941.037577752,-23610665.049999,-24915988.148729004,-23155991.290003005,-26325548.609494045,-131627743.04747021,69.80589396466704,70.27311273476697,58.05624162441566,60.66303468270483,57.60679668529004,63.4259169792051,63.42591697920509,-107.23357007531914,-108.34008926937422,-81.80175343927188,-87.0738565958635,-80.91228421622138,-92.8813367460762,-92.88133674607617,69.80589396466705,70.27311273476697,58.05624162441566,60.66303468270484,57.60679668529004,63.42591697920504,63.42591697920504,-107.23357007531915,-108.34008926937422,-81.80175343927188,-87.07385659586352,-80.91228421622138,-92.88133674607609,-92.88133674607609
1,BRA,Brazil,138910.30000000002,126278.2,130322.90000000001,121615.2,111084.8,3472757.5000000005,3156955.0,3258072.5,3040380.0,2777120.0,125642.28,628211.4,3141057.0,15705285.0,Brazil,341023.338426562,310418.930649376,372517.34891634,371702.982900632,329471.322929983,8525583.46066405,7760473.2662344,9312933.722908499,9292574.5725158,8236783.073249576,345026.7847645786,1725133.923822893,8625669.619114466,43128348.09557233,-202113.038426562,-184140.730649376,-242194.44891633996,-250087.782900632,-218386.52292998304,-219384.50476457863,-1096922.523822893,-5052825.960664051,-4603518.2662344,-6054861.222908499,-6252194.572515801,-5459663.073249576,-5484612.619114466,-27423063.09557233,84.22541045015276,84.33338244084894,96.33057394999223,101.39005273641277,99.14129508747784,93.22240240042603,93.22240240042599,-145.49895754782904,-145.82147247060539,-185.84181975411838,-205.63859032475546,-196.5944241966345,-174.6104136000864,-174.61041360008636,84.22541045015278,84.33338244084894,96.33057394999224,101.39005273641277,99.14129508747784,93.22240240042603,93.22240240042603,-145.49895754782906,-145.82147247060539,-185.84181975411838,-205.63859032475546,-196.5944241966345,-174.6104136000864,-174.6104136000864
2,CHN,China,5406593.899999999,5399920.0,5400129.0,5302173.1,5214454.7,135164847.5,134998000.0,135003225.0,132554327.49999999,130361367.5,5344654.14,26723270.7,133616353.5,668081767.5,China,6133647.08700917,5859531.0647539,6355070.99336478,5413962.32801064,5603351.86089464,153341177.17522925,146488276.61884752,158876774.8341195,135349058.200266,140083796.522366,5873112.666806626,29365563.33403313,146827816.6701657,734139083.3508284,-727053.1870091707,-459611.0647539003,-954941.9933647802,-111789.22801064048,-388897.1608946398,-528458.5268066265,-2642292.6340331323,-18176329.67522925,-11490276.61884752,-23873549.8341195,-2794730.7002660185,-9722429.022365987,-13211463.170165688,-66057315.85082841,12.600312035556504,8.164004836659345,16.247141586766656,2.0863720650345163,7.189944813775219,9.421813377079165,9.421813377079163,-13.447527231685937,-8.511442109399773,-17.683688544565886,-2.108366247240032,-7.458060013344056,-9.887609431105798,-9.887609431105798,12.600312035556497,8.164004836659354,16.247141586766652,2.0863720650345208,7.189944813775215,9.421813377079182,9.421813377079177,-13.447527231685925,-8.511442109399784,-17.68368854456588,-2.108366247240037,-7.458060013344051,-9.887609431105817,-9.887609431105814
3,ESP,Spain,55082.2,55073.1,54232.4,52925.0,52098.5,1377055.0,1376827.5,1355810.0,1323125.0,1302462.5,53882.23999999999,269411.19999999995,1347056.0,6735280.0,Spain,11414.6449114045,13348.0262428382,12172.9908586005,14054.0971719056,11483.2380129669,285366.12278511253,333700.656070955,304324.7714650125,351352.42929764,287080.9503241725,12494.599439543139,62472.9971977157,312364.98598857847,1561824.9299428924,43667.555088595494,41725.0737571618,42059.409141399505,38870.902828094404,40615.2619870331,41387.64056045685,206938.20280228427,1091688.8772148874,1043126.843929045,1051485.2285349874,971772.57070236,1015381.5496758275,1034691.0140114215,5173455.070057107,131.3372240345386,121.96546899585495,126.67468287614838,116.06875717757157,127.75763373674998,124.70506553163997,124.70506553163997,79.2770715196479,75.76307445406523,77.55402516097297,73.44525805969656,77.95860147035538,76.8112843127102,76.8112843127102,131.3372240345386,121.96546899585495,126.67468287614835,116.06875717757154,127.75763373675,124.70506553163996,124.70506553163996,79.2770715196479,75.76307445406523,77.55402516097296,73.44525805969656,77.95860147035538,76.8112843127102,76.8112843127102
4,IDN,Indonesia,2407953.5,2387656.4,2425290.5999999996,2405613.8000000003,2257604.3,60198837.5,59691410.0,60632264.99999999,60140345.00000001,56440107.49999999,2376823.72,11884118.600000001,59420593.0,297102965.0,Indonesia,1283648.81036818,1023129.48435377,961532.743914078,1176981.53718328,1266667.87294257,32091220.2592045,25578237.10884425,24038318.59785195,29424538.429582004,31666696.823564246,1142392.0897523756,5711960.448761878,28559802.24380939,142799011.21904695,1124304.68963182,1364526.9156462299,1463757.8560859216,1228632.2628167202,990936.4270574299,1234431.6302476246,6172158.151238124,28107617.2407955,34113172.89115575,36593946.40214804,30715806.570418004,24773410.676435746,30860790.75619061,154303953.78095305,60.911473940414126,80.01246410134961,86.43839417938396,68.58895003099622,56.2349545341757,70.15378976343503,70.15378976343504,46.69129572609354,57.149216095173074,60.353916189916454,51.073545671242826,43.89327337201785,51.936187772798924,51.936187772798924,60.911473940414126,80.01246410134961,86.43839417938395,68.58895003099622,56.2349545341757,70.15378976343501,70.15378976343501,46.69129572609355,57.149216095173074,60.35391618991645,51.073545671242826,43.89327337201785,51.93618777279892,51.93618777279892
5,IND,India,4580248.4,4559136.4,4620790.8,4661154.9,4621416.8,114506210.00000001,113978410.00000001,115519770.0,116528872.50000001,115535420.0,4608549.46,23042747.3,115213736.5,576068682.5,India,6219886.52634443,5309412.94451465,6228450.87659688,6589798.10520638,7501555.95965272,155497163.15861073,132735323.61286625,155711271.914922,164744952.6301595,187538898.991318,6369820.882463013,31849104.412315063,159245522.0615753,796227610.3078765,-1639638.1263444293,-750276.5445146495,-1607660.0765968803,-1928643.2052063793,-2880139.15965272,-1761271.4224630129,-8806357.112315062,-40990953.15861072,-18756913.612866238,-40191501.914922,-48216080.13015948,-72003478.99131799,-44031785.56157529,-220158927.80787647,30.363289672333842,15.205406961493981,29.636358457472596,34.28408605589055,47.515394396303606,32.08620892757876,32.086208927578745,-35.79801755608777,-16.456549633273738,-34.79188187002278,-41.37693868973072,-62.32156250552256,-38.21747900830846,-38.21747900830845,30.36328967233383,15.205406961493978,29.636358457472582,34.28408605589055,47.51539439630359,32.08620892757874,32.08620892757874,-35.79801755608775,-16.456549633273738,-34.79188187002277,-41.376938689730714,-62.32156250552254,-38.21747900830844,-38.21747900830844
6,IRN,Iran (Islamic Republic of),116486.7,131008.5,87233.59999999999,93936.6,96103.4,2912167.5,3275212.5,2180840.0,2348415.0,2402585.0,104953.76000000001,524768.8,2623844.0,13119220.0,Iran (Islamic Republic of),87744.0723308289,91801.2129468748,96202.1718903126,88757.4406581254,95001.9875257433,2193601.8082707226,2295030.32367187,2405054.297257815,2218936.016453135,2375049.6881435825,91901.37707037701,459506.88535188505,2297534.426759425,11487672.133797126,28742.627669171095,39207.2870531252,-8968.57189031261,5179.159341874605,1101.4124742566928,13052.382929622996,65261.914648114995,718565.6917292774,980182.1763281301,-224214.29725781502,129478.98354686517,27535.31185641745,326309.5732405749,1631547.866202874,28.147205576455985,35.19351695630389,9.778432851881764,5.669762760971874,1.1526754829016261,13.260901517603457,13.26090151760346,24.674600335635823,29.92728491137995,-10.281097983245688,5.513462635303604,1.1460702475216202,12.436317602745243,12.436317602745245,28.14720557645598,35.19351695630389,9.778432851881755,5.669762760971877,1.1526754829016317,13.260901517603457,13.260901517603454,24.674600335635823,29.927284911379953,-10.281097983245676,5.513462635303606,1.1460702475216256,12.436317602745243,12.436317602745241
7,ITA,Italy,114574.8,118003.0,118003.0,109463.8,110895.1,2864370.0,2950075.0,2950075.0,2736595.0,2772377.5,114187.93999999999,570939.7,2854698.5,14273492.5,Italy,49959.6812985464,49377.8520703272,54436.7859804486,44699.0167951368,45669.1446588018,1248992.03246366,1234446.30175818,1360919.649511215,1117475.41987842,1141728.616470045,48828.49616065216,244142.4808032608,1220712.404016304,6103562.02008152,64615.118701453604,68625.14792967279,63566.2140195514,64764.783204863204,65225.955341198205,65359.44383934783,326797.21919673914,1615377.96753634,1715628.69824182,1589155.350488785,1619119.58012158,1630648.883529955,1633986.095983696,8169930.47991848,78.5429512300343,81.99880342446704,73.72569347396268,84.0212764027626,83.32164918413419,80.1875508736264,80.1875508736264,56.395576253638325,58.15542649735412,53.86830336478853,59.16548046464969,58.81770731186337,57.23848231200933,57.23848231200933,78.54295123003429,81.99880342446706,73.72569347396268,84.0212764027626,83.3216491841342,80.1875508736264,80.1875508736264,56.395576253638325,58.155426497354135,53.86830336478852,59.16548046464969,58.81770731186337,57.23848231200934,57.23848231200934
8,JPN,Japan,330353.1,326403.0,323700.30000000005,322245.0,320581.8,8258827.499999999,8160075.0,8092507.500000001,8056125.0,8014545.0,324656.64,1623283.2,8116416.0,40582080.0,Japan,230546.493342795,228413.332287157,270893.483091301,154825.24345954,233205.625716583,5763662.333569875,5710333.307178926,6772337.077282525,3870631.0864885002,5830140.642914575,223576.8355794752,1117884.177897376,5589420.88948688,27947104.4474344,99806.60665720497,97989.66771284299,52806.81690869905,167419.75654046,87376.174283417,101079.8044205248,505399.02210262395,2495165.166430124,2449741.6928210743,1320170.4227174763,4185493.9135114998,2184404.3570854254,2526995.11051312,12634975.5525656,35.588047430160266,35.3232816016405,17.76231720222694,70.18662716265544,31.555853465020473,36.87472907913361,36.87472907913361,30.212099313493646,30.02106834583107,16.3134902589522,51.95418285480302,27.255500556618312,31.134371507240633,31.134371507240633,35.588047430160266,35.3232816016405,17.76231720222694,70.18662716265544,31.555853465020473,36.87472907913361,36.874729079133616,30.212099313493646,30.021068345831065,16.3134902589522,51.95418285480302,27.255500556618315,31.134371507240633,31.134371507240637
9,KHM,Cambodia,436826.0,459003.10000000003,473745.3,479362.7,468378.89999999997,10920650.0,11475077.5,11843632.5,11984067.5,11709472.5,463463.2,2317316.0,11586580.0,57932900.0,Cambodia,495469.83735911,573169.841799898,451704.484939606,559261.004817081,594727.66921688,12386745.933977751,14329246.044997448,11292612.12349015,13981525.120427025,14868191.730422,534866.567626515,2674332.838132575,13371664.190662874,66858320.95331437,-58643.83735911001,-114166.74179989792,22040.815060394,-79898.30481708102,-126348.76921688003,-71403.36762651504,-357016.83813257515,-1466095.933977751,-2854168.544997448,551020.3765098508,-1997457.6204270255,-3158719.2304219995,-1785084.190662874,-8925420.953314371,12.58052111982584,22.121630431585338,4.763265477841645,15.385419078443322,23.769727866502183,14.304565473645726,14.304565473645726,-13.424987834769453,-24.87276051074555,4.65246094481444,-16.667609894779257,-26.97576026949123,-15.406480520247356,-15.406480520247353,12.580521119825846,22.12163043158534,4.763265477841653,15.385419078443322,23.769727866502176,14.304565473645708,14.304565473645713,-13.42498783476946,-24.872760510745554,4.652460944814447,-16.667609894779257,-26.97576026949121,-15.406480520247337,-15.40648052024734
10,KOR,Korea (the Republic of),167862.2,163534.1,158489.7,154911.30000000002,153260.9,4196555.0,4088352.5,3962242.5000000005,3872782.5000000005,3831522.5,159611.64,798058.2000000001,3990291.0,19951455.0,Korea (the Republic of),145187.816330471,127459.73630764,146322.230556758,129354.321047122,132778.210695667,3629695.4082617746,3186493.407691,3658055.76391895,3233858.02617805,3319455.2673916747,136220.4629875316,681102.3149376579,3405511.5746882902,17027557.87344145,22674.383669529023,36074.36369236,12167.469443242007,25556.978952878024,20482.689304333006,23391.177012468426,116955.88506234216,566859.5917382254,901859.092309,304186.73608105024,638924.4738219506,512067.2326083253,584779.4253117098,2923897.1265585497,14.486109239229572,24.7939022696151,7.983591338447524,17.98105508414013,14.321600465417253,15.81381924155425,15.813819241554253,13.50773650621106,22.059230272071694,7.677135765442175,16.49781452539487,13.364588948866285,14.655057120187742,14.655057120187745,14.486109239229569,24.7939022696151,7.983591338447525,17.98105508414013,14.321600465417259,15.813819241554222,15.813819241554228,13.507736506211057,22.059230272071694,7.677135765442176,16.49781452539487,13.364588948866288,14.65505712018772,14.655057120187726
11,LAO,Lao People's Democratic Republic (the),94826.8,95630.0,93940.70000000001,83333.6,77005.5,2370670.0,2390750.0,2348517.5000000005,2083340.0000000002,1925137.5,88947.31999999999,444736.6,2223683.0,11118415.0,Lao People's Democratic Republic (the),16611.6948901262,16964.4089044669,11680.6335773162,10096.745681299,14610.5786176728,415292.372253155,424110.22261167254,292015.839432905,252418.642032475,365264.46544182,13992.81233417622,69964.0616708811,349820.3083544055,1749101.5417720275,78215.10510987381,78665.5910955331,82260.06642268381,73236.85431870101,62394.9213823272,74954.50766582377,374772.53832911886,1955377.6277468451,1966639.7773883275,2056501.6605670955,1830921.3579675253,1559873.03455818,1873862.6916455945,9369313.458227973,140.37358488552937,139.7326774232255,155.76411248863536,156.77316354692687,136.209543835008,145.62737771212056,145.62737771212056,82.48206742173501,82.2603692309245,87.56595003303552,87.88394395382055,81.02657781889242,84.26842727338358,84.2684272733836,140.37358488552937,139.73267742322548,155.76411248863536,156.77316354692687,136.20954383500796,145.62737771212056,145.6273777121206,82.482067421735,82.2603692309245,87.56595003303552,87.88394395382055,81.02657781889242,84.2684272733836,84.26842727338361
12,LKA,Sri Lanka,132640.0,121756.3,84456.3,111049.0,102156.3,3316000.0,3043907.5,2111407.5,2776225.0,2553907.5,110411.58,552057.9,2760289.5,13801447.5,Sri Lanka,83056.2649807851,101174.339269981,59118.4118039913,90189.137631077,84760.8793142901,2076406.6245196275,2529358.4817495253,1477960.2950997825,2254728.440776925,2119021.9828572525,83659.8066000249,418299.0330001245,2091495.1650006226,10457475.825003114,49583.7350192149,20581.960730018996,25337.888196008702,20859.862368923,17395.420685709905,26751.773399975107,133758.86699987552,1239593.3754803725,514549.0182504747,633447.2049002175,521496.55922307493,434885.5171427475,668794.3349993774,3343971.6749968864,45.975515638745044,18.464900829619147,35.295753517653,20.731519993655155,18.612971530519985,27.56900320922598,27.569003209225972,37.38218864536709,16.904226499999588,30.001181908287126,18.78437659854929,17.028240730830994,24.229137378502426,24.229137378502422,45.97551563874504,18.46490082961914,35.29575351765298,20.731519993655148,18.612971530519985,27.56900320922596,27.569003209225958,37.38218864536708,16.90422649999958,30.001181908287123,18.784376598549287,17.028240730830994,24.229137378502415,24.22913737850241
13,MMR,Myanmar,1059409.5999999999,1052287.7000000002,1087029.5,1118850.0,1083100.3,26485239.999999996,26307192.500000004,27175737.5,27971250.0,27077507.5,1080135.42,5400677.1,27003385.5,135016927.5,Myanmar,1132082.2476747,1290805.7404989,1205169.26549304,1372446.88704592,1256888.34244424,28302056.191867504,32270143.5124725,30129231.637326,34311172.176148,31422208.561106004,1251478.4966313601,6257392.4831568,31286962.415784,156434812.07892,-72672.64767470025,-238518.04049889976,-118139.76549303997,-253596.8870459199,-173788.04244424007,-171343.07663136022,-856715.3831568006,-1816816.191867508,-5962951.012472495,-2953494.1373259984,-6339922.176147997,-4344701.061106004,-4283576.915784001,-21417884.578920007,6.632253526455975,20.3592427323866,10.307986137286722,20.358624326514928,14.853750936389964,14.697379819975609,14.6973798199756,-6.859730898672265,-22.66661869172278,-10.868128739196129,-22.665852173742675,-16.04542464296613,-15.863110630272658,-15.86311063027265,6.632253526455982,20.359242732386605,10.307986137286719,20.358624326514928,14.853750936389973,14.697379819975595,14.697379819975595,-6.8597308986722725,-22.666618691722785,-10.868128739196123,-22.665852173742675,-16.045424642966136,-15.863110630272642,-15.863110630272642
14,MYS,Malaysia,121942.6,123232.8,122656.3,125238.5,122453.8,3048565.0,3080820.0,3066407.5,3130962.5,3061345.0,123104.8,615524.0,3077620.0,15388100.0,Malaysia,105739.920013,111004.908521188,111129.06002959,106652.527902965,105628.675837734,2643498.000325,2775122.7130297,2778226.50073975,2666313.197574125,2640716.89594335,108031.0184608954,540155.092304477,2700775.4615223845,13503877.307611924,16202.67998700001,12227.891478812002,11527.23997041001,18585.972097035003,16825.124162266,15073.781539104602,75368.907695523,405066.9996750001,305697.28697030013,288180.99926025,464649.30242587486,420628.10405664984,376844.53847761545,1884222.6923880763,14.232695585128699,10.440583248538674,9.861387358858584,16.029919109084563,14.753543954193127,13.043224230220165,13.043224230220163,13.287136724163673,9.922594860144377,9.398000730830793,14.840462075987018,13.739977168749359,12.244674081842952,12.24467408184295,14.232695585128694,10.44058324853868,9.861387358858579,16.029919109084556,14.753543954193118,13.04322423022018,13.043224230220174,13.287136724163668,9.922594860144383,9.398000730830786,14.840462075987013,13.739977168749352,12.244674081842964,12.244674081842959
15,NPL,Nepal,149262.2,142723.7,162574.6,153890.80000000002,156215.4,3731555.0000000005,3568092.5000000005,4064365.0,3847270.0000000005,3905385.0,152933.34000000003,764666.7000000001,3823333.5,19116667.5,Nepal,100747.863875907,66671.6095180003,80813.0000557487,92007.5245265626,116423.536613675,2518696.596897675,1666790.2379500077,2020325.0013937172,2300188.113164065,2910588.415341875,91332.70691797872,456663.5345898936,2283317.672949468,11416588.36474734,48514.33612409301,76052.09048199971,81761.59994425131,61883.27547343742,39791.863386325,61600.633082021304,308003.1654101065,1212858.4031023253,1901302.2620499928,2044039.9986062828,1547081.8868359355,994796.584658125,1540015.8270505322,7700079.13525266,38.80990658693899,72.63972689461033,67.18633153498664,50.332409212290194,29.190154480912927,50.43732754450804,50.43732754450802,32.502760996483374,53.286238012327104,50.291742956311325,40.21245940201585,25.47243318285201,40.27940086970002,40.27940086970002,38.80990658693899,72.63972689461032,67.18633153498664,50.332409212290194,29.190154480912923,50.43732754450802,50.43732754450802,32.502760996483374,53.286238012327104,50.291742956311325,40.21245940201585,25.47243318285201,40.27940086970002,40.27940086970002
16,PAK,Pakistan,383529.3,381361.8,406083.3,393404.2,424755.10000000003,9588232.5,9534045.0,10152082.5,9835105.0,10618877.5,397826.74,1989133.7,9945668.5,49728342.5,Pakistan,485243.147705049,594592.171698179,537264.091222787,453229.722583675,652854.756414432,12131078.692626225,14864804.292454474,13431602.280569676,11330743.064591875,16321368.910360798,544636.7779248244,2723183.889624122,13615919.448120613,68079597.24060306,-101713.84770504903,-213230.371698179,-131180.79122278705,-59825.52258367499,-228099.65641443193,-146810.0379248244,-734050.1896241221,-2542846.192626225,-5330759.292454474,-3279519.7805696763,-1495638.0645918753,-5702491.410360798,-3670250.9481206127,-18351254.74060306,23.4155325652273,43.69680904667133,27.811767423822037,14.13255977296664,42.33436712863702,31.154529620006937,31.154529620006944,-26.520489491949906,-55.9128815990954,-32.303911838479216,-15.20713876051018,-53.70145206365549,-36.9030090649071,-36.9030090649071,23.41553256522729,43.69680904667132,27.811767423822037,14.132559772966644,42.33436712863702,31.154529620006954,31.154529620006947,-26.520489491949895,-55.912881599095385,-32.30391183847921,-15.207138760510187,-53.70145206365549,-36.903009064907124,-36.903009064907124
17,PHL,Philippines (the),1557810.6,1524292.5,1609862.5,1606047.8,1556225.8,38945265.0,38107312.5,40246562.5,40151195.0,38905645.0,1570847.8399999999,7854239.199999999,39271196.0,196355980.0,Philippines (the),343202.0649193,407355.433529182,383682.957178099,417521.023798692,358454.960541116,8580051.6229825,10183885.83822955,9592073.929452475,10438025.5949673,8961374.0135279,382043.28799327783,1910216.4399663892,9551082.199831944,47755410.99915972,1214608.5350807002,1116937.0664708181,1226179.542821901,1188526.776201308,1197770.839458884,1188804.552006722,5944022.76003361,30365213.377017498,27923426.661770448,30654488.570547525,29713169.4050327,29944270.9864721,29720113.800168056,148600569.00084028,127.78542273754516,115.64602918401789,123.0149569358284,117.46838182357217,125.11441741550449,121.7481645511182,121.7481645511182,77.96894789910276,73.27577000285825,76.1667249732136,74.00320066447014,76.96639134622262,75.67916648163211,75.67916648163212,127.78542273754512,115.64602918401785,123.0149569358284,117.4683818235722,125.1144174155045,121.74816455111821,121.74816455111821,77.96894789910274,73.27577000285824,76.16672497321362,74.00320066447014,76.96639134622264,75.67916648163212,75.67916648163212
18,PRK,Korea (the Democratic People's Republic of),82823.3,83442.3,84596.2,83943.29999999999,82937.0,2070582.5,2086057.5,2114905.0,2098582.4999999995,2073425.0,83548.42,417742.1,2088710.5,10443552.5,Korea (the Democratic People's Republic of),114321.657592858,91776.5305569153,108545.659696923,86625.7806935666,96550.6171162604,2858041.43982145,2294413.2639228823,2713641.4924230753,2165644.517339165,2413765.42790651,99564.04913130465,497820.2456565233,2489101.2282826165,12445506.141413081,-31498.357592857996,-8334.230556915296,-23949.459696923004,-2682.480693566613,-13613.6171162604,-16015.629131304653,-80078.1456565233,-787458.93982145,-208355.76392288227,-598736.4924230753,-67062.01733916532,-340340.42790650995,-400390.7282826165,-2001953.6414130814,31.954515070994738,9.51293936893174,24.799864446272128,3.1453305401648786,15.169422086028792,17.492669076315398,17.492669076315405,-38.030792775532966,-9.98801633813461,-28.31032563746717,-3.195586417935217,-16.414407461398895,-19.169278283544624,-19.16927828354463,31.954515070994745,9.512939368931733,24.799864446272135,3.145330540164879,15.169422086028792,17.492669076315405,17.492669076315394,-38.03079277553297,-9.988016338134605,-28.31032563746718,-3.195586417935217,-16.41440746139889,-19.16927828354463,-19.16927828354462
19,THA,Thailand,1554254.0,1703327.7,1714465.6,1702989.1,1553835.5,38856350.0,42583192.5,42861640.0,42574727.5,38845887.5,1645774.3800000001,8228871.9,41144359.5,205721797.5,Thailand,1393798.06360049,1780993.09212931,1164699.0906118,916657.521458527,1305045.84650265,34844951.59001225,44524827.303232744,29117477.265295003,22916438.036463175,32626146.162566252,1312238.7228605554,6561193.614302777,32805968.071513884,164029840.35756943,160455.9363995099,-77665.39212930994,549766.5093882,786331.5785414731,248789.65349734994,333535.6571394447,1667678.2856972236,4011398.4099877477,-1941634.8032327443,13744162.734704997,19658289.463536825,6219741.337433748,8338391.428486116,41691957.14243057,10.885556492075192,4.4579932080161715,38.18930616792045,60.033408483444326,17.40468549362507,22.551330608839972,22.551330608839972,10.323662438668963,-4.5596271421705845,32.06634821883857,46.17361194745598,16.011325104707026,20.266183578544023,20.266183578544023,10.885556492075192,4.457993208016162,38.18930616792044,60.033408483444326,17.40468549362507,22.551330608839965,22.55133060883996,10.323662438668963,-4.559627142170574,32.06634821883856,46.17361194745598,16.011325104707026,20.26618357854402,20.266183578544016
20,TWN,Taiwan (Province of China),45838.700000000004,49838.299999999996,49991.2,49414.1,49152.0,1145967.5,1245957.5,1249780.0,1235352.5,1228800.0,48846.86,244234.30000000002,1221171.5,6105857.5,Taiwan (Province of China),78669.5637526497,80891.4944000305,87056.3399221197,81381.5091411983,89908.6986822433,1966739.0938162426,2022287.3600007624,2176408.4980529924,2034537.7285299576,2247717.4670560826,83581.5211796483,417907.6058982415,2089538.0294912078,10447690.147456039,-32830.8637526497,-31053.1944000305,-37065.139922119706,-31967.409141198303,-40756.698682243295,-34734.661179648305,-173673.3058982415,-820771.5938162426,-776329.8600007624,-926628.4980529924,-799185.2285299576,-1018917.4670560826,-868366.5294912078,-4341832.647456039,52.73684294220352,47.507447774312816,54.0909234024672,48.881471405799864,58.61713491800187,52.458031836133856,52.45803183613384,-71.62258910625671,-62.3078925244852,-74.14332907015576,-64.69288956228749,-82.9197157434963,-71.1093019687413,-71.10930196874128,52.73684294220353,47.50744777431281,54.09092340246718,48.88147140579987,58.61713491800187,52.45803183613387,52.45803183613387,-71.62258910625674,-62.307892524485176,-74.14332907015574,-64.69288956228749,-82.9197157434963,-71.1093019687413,-71.1093019687413
21,USA,United States of America (the),364728.0,438662.0,336255.5,412177.5,350136.5,9118200.0,10966550.0,8406387.5,10304437.5,8753412.5,380391.9,1901959.5,9509797.5,47548987.5,United States of America (the),161132.399497995,161857.602817657,168479.947787032,165725.449593907,169135.097077996,4028309.987449875,4046440.070441425,4211998.694675799,4143136.239847675,4228377.4269499,165266.0993549174,826330.496774587,4131652.483872935,20658262.419364676,203595.600502005,276804.397182343,167775.552212968,246452.050406093,181001.402922004,215125.80064508264,1075629.0032254132,5089890.012550125,6920109.929558575,4194388.805324201,6161301.260152325,4525035.0730501,5378145.016127065,26890725.080635324,77.43332667619184,92.18829689607733,66.48059015809771,85.29184721388778,69.71357722645365,78.85004926140792,78.85004926140792,55.82121485106847,63.10197764619298,49.89525887694566,59.792698632529195,51.69452568412719,56.553728048647365,56.553728048647365,77.43332667619185,92.18829689607733,66.48059015809771,85.29184721388778,69.71357722645367,78.8500492614079,78.8500492614079,55.82121485106847,63.10197764619298,49.89525887694566,59.792698632529195,51.69452568412719,56.55372804864736,56.55372804864736
22,VNM,Viet Nam,1381744.4000000001,1365173.8,1360551.6,1336231.2,1318431.1,34543610.0,34129345.0,34013790.0,33405780.0,32960777.500000004,1352426.42,6762132.1,33810660.5,169053302.5,Viet Nam,1346013.0105472,1483776.5165517,1406436.79618629,1317454.99089579,1269750.76146524,33650325.263679996,37094412.9137925,35160919.90465725,32936374.77239475,31743769.036631,1364686.4151292439,6823432.07564622,34117160.37823109,170585801.89115548,35731.389452800155,-118602.71655169991,-45885.19618628989,18776.209104209905,48680.338534760056,-12259.995129243936,-61299.97564622015,893284.7363200039,-2965067.9137924984,-1147129.9046572521,469405.22760524973,1217008.4633690044,-306499.8782310933,-1532499.3911554813,2.619836303231399,8.326064225314658,3.3166164519903987,1.4151039537852608,3.761740182137031,0.9024281193431387,0.9024281193431455,2.585962313493013,-8.68773752848904,-3.372543620270623,1.4051617043674707,3.692292948396018,-0.9065184580795114,-0.9065184580795184,2.6198363032313994,8.326064225314662,3.3166164519904138,1.4151039537852672,3.7617401821370398,0.9024281193431236,0.9024281193431324,2.585962313493013,-8.687737528489043,-3.372543620270638,1.405161704367477,3.6922929483960267,-0.9065184580794963,-0.9065184580795049
23,,mean,948478.0,952227.1782608696,959083.995652174,957589.6304347828,931609.952173913,23711950.0,23805679.45652174,23977099.891304348,23939740.760869566,23290248.804347824,949797.7513043475,4748988.756521739,23744943.782608695,118724718.91304348,mean,987111.5612007834,958786.2746010892,972710.3028553824,947591.9749631382,1017604.8128032271,24677789.030019585,23969656.86502723,24317757.57138457,23689799.37407846,25440120.320080675,976760.9852847245,4883804.926423621,24419024.632118106,122095123.1605905,-38633.56120078339,-6559.096340219587,-13626.3072032088,9997.655471644257,-85994.86062931413,-26963.23398037642,-134816.1699018819,-965839.0300195842,-163977.4085054906,-340657.68008021946,249941.38679110608,-2149871.515732852,-674080.8495094088,-3370404.247547045,49.193192508853734,50.53729067766557,49.718099523580825,50.90952750520332,47.62186238718086,49.12992516322362,49.12992516322363,4.551115583769541,4.508756043948942,3.322002560241558,6.179079587975717,-1.5337210965526102,3.599038288198918,3.5990382881989236,49.193192508853734,50.53729067766555,49.718099523580825,50.909527505203336,47.621862387180876,49.12992516322362,49.12992516322362,4.551115583769539,4.508756043948943,3.32200256024156,6.1790795879757185,-1.533721096552608,3.599038288198925,3.599038288198926
24,,total,21814994.0,21901225.1,22058931.900000002,22024561.500000004,21427028.9,545374850.0,547530627.5,551473297.5,550614037.5,535675722.5,21845348.279999994,109226741.39999999,546133707.0,2730668535.0,total,22703565.907618016,22052084.315825053,22372336.965673797,21794615.42415218,23404910.694474224,567589147.6904504,551302107.8956263,559308424.1418451,544865385.6038046,585122767.3618555,22465502.661548663,112327513.3077433,561637566.5387164,2808187832.6935816,-888571.907618018,-150859.2158250505,-313405.0656738024,229946.0758478179,-1977881.7944742253,-620154.3815486577,-3100771.9077432835,-22214297.690450437,-3771480.395626284,-7835126.6418450475,5748651.89619544,-49447044.86185559,-15503859.538716402,-77519297.69358203,1131.443427703636,1162.357685586308,1143.516289042359,1170.9191326196765,1095.30283490516,1129.9882787541433,1129.9882787541435,104.67565842669944,103.70138901082568,76.40605888555584,142.1188305234415,-35.275585220710035,82.7778806285751,82.77788062857525,1131.443427703636,1162.3576855863078,1143.516289042359,1170.9191326196767,1095.3028349051601,1129.9882787541433,1129.9882787541433,104.67565842669939,103.7013890108257,76.40605888555588,142.11883052344152,-35.275585220709985,82.77788062857528,82.77788062857529
